feature_1,feature_2,feature_3,feature_4,feature_5,target
7.150151980523351,2.048173958749157,8.58422709344247,2.978195673203183,4.786097911538839,0
6.796581283324866,0.3387024666682841,10.768171820489963,3.186075259740679,5.100879447316023,0
-2.326238547927492,-5.556671107981542,8.440209119963985,-1.0847938170327707,11.318246446181977,0
10.240428216145965,5.953369034840552,1.2197436946222817,1.8550965702691773,5.510258555380443,1
10.450385229906587,-3.3028480590049103,6.065475004476082,-1.4957473800603776,10.493948174929468,0
-0.9983391898773508,-1.2891560838868443,4.828555163278511,1.6413007005525566,10.43969712958452,1
4.361168146457216,8.069219428746239,0.020703474390918686,3.0171317211280453,4.583966443448532,1
10.425436880148084,1.002778417679235,6.613184605409319,2.550249864027487,7.117481529156686,0
6.72367900400688,-0.4218161256594257,7.841575691113224,2.119750688866237,7.573905243639154,0
5.08110845578516,5.252295728074489,5.527256264748689,0.6298077856724458,2.728295735010192,0
-1.8011863284924434,8.735118644028226,4.208577210157632,10.946113751014636,3.880501458824376,1
7.847176076587001,-2.6144973635828217,9.605333179162491,2.3994777100462183,8.718792126370776,0
5.363437473469917,-6.694757309611536,14.774217509034555,5.452189529292269,10.45705186683995,0
4.229336220388321,5.517441496011903,7.501512975504108,2.0395558111713505,1.5772429073020588,0
3.9357642964602606,4.462172558983464,9.331411792249915,4.883529640045413,2.444989624085144,1
5.739120820967196,1.395255166760844,3.91860622252403,-0.3814755231063929,7.5232982749210775,0
5.768602073357558,6.086258521580813,7.342598373938207,9.625710611526479,3.931623904209804,1
3.3597374202298345,6.124601595523385,11.09187633392339,4.635673634942316,-0.6345736156777724,1
9.924466300635634,-6.154567048959443,10.445417172556098,0.6431928012251173,11.16629925455057,0
6.834543075464781,-6.502438397080258,11.60612007611249,1.4148586544784703,10.994755918615642,0
3.9363949584782585,2.073079165669085,2.9602766195251324,-1.7206214897155192,6.994193879412645,1
1.5343063593826187,10.538479618916806,2.546046730263491,12.306678287728054,3.683959572857915,1
2.9484705408128176,2.3373765524890984,5.5916812940204075,2.356528423584203,6.3749441646922245,0
8.081597140630006,2.3432007254861293,8.279692167839322,5.422727729030888,5.60773935337525,0
4.323523154864409,3.0971006205871197,1.4299520636028493,-2.054677805898266,6.8848868085107835,0
2.6332718172795806,3.4036174615271935,7.556463722131493,3.091978071638767,4.14117790214694,0
7.767993630710029,9.04136782915132,4.973171903197144,0.8830966724315061,-0.7443414230184224,0
3.786544092124049,6.567005409694394,7.374042852269929,6.740253727947419,2.3280511758535316,1
1.7401875862002054,3.712953809776529,2.3389691698622044,-0.5905079502215109,6.143512829173394,1
6.275054815149439,5.9042536883687635,6.833215183414136,6.555392100444472,3.335456909614825,0
4.255188779367864,-1.0894041015755471,4.4884537847408295,3.1572808377284094,11.039013375402124,1
8.673261304353298,2.0928402737147813,8.998026312160555,3.380697073707336,4.5962525244590795,0
4.170640731055759,3.630517048558508,9.077840198568616,5.094825316755663,3.5732085190685603,1
9.014570575575519,0.5602015969876355,7.764247244572704,3.0531728902459254,6.951297243025574,0
1.318871429084561,5.764068111345392,9.182462243117884,6.620319330532412,1.8392012491309897,1
7.093943704790501,3.7762211467924316,2.23169837351495,5.955898854633819,8.600949942820748,1
7.6567836702474255,0.23681899115757776,6.98789147816805,2.0521880154694774,7.465995591867545,0
4.02485002648759,4.49165887225147,7.600518926762435,2.9714294938858004,2.927574818080526,0
7.892241935423928,3.1939616841273635,5.1602962269184545,2.0028403222317777,5.6534873408484305,0
8.780557290390231,6.5152962720467915,7.362409767184825,8.045973575892447,2.878512766013684,1
5.871625188412391,3.8570282555281414,2.1626201422576297,1.5698713523643204,6.925740682941033,1
6.659650525547659,2.3853966894470418,3.1118256562731235,-0.6604547062976263,6.956558539327107,1
5.603852698793498,0.5034923257862918,3.9407967114791136,1.7466242047027154,9.235277945891799,1
0.5310861843705021,5.681225379803884,8.773879270900437,2.6813821138482696,0.7431134284249827,0
7.874629999090763,-0.35263780882829643,8.516543670807234,3.43726427175524,7.515197188110417,0
5.2066868534790425,4.488436438277667,2.3215526130781363,-2.201243929941641,4.74310924052558,1
3.8118583354483255,6.158942052894384,6.18217487177464,8.200226745582608,4.1461712652139155,1
5.117359649320755,-1.5103892260303713,9.650781267102673,3.395175217927873,7.904727824382553,0
6.090626447555664,3.0633878959279826,2.6246097390724605,0.28377135911740226,6.946634406240564,1
5.386925274190421,3.923895007208436,6.934341408977135,5.426615853655206,4.911655740393525,0
2.603739684864203,0.7538976737704068,9.312720670287572,3.0783675434529583,5.659438167536899,0
-1.0638601832354047,0.875535096183536,4.010218331672684,6.101243791421206,10.42516116359036,1
4.961856533862045,11.298274366110629,0.16556369543891059,14.692905720460539,5.471126990577234,1
10.020129692244042,5.266747254874859,8.525934382367366,5.535386079523251,2.4192915521069356,1
6.730462622434975,4.38092919415617,11.393822677347552,3.489139650451305,0.5450858444174047,1
6.842690240622554,4.75959937199535,4.854653082663553,3.872339948511847,4.932830178360658,0
7.1812940536715555,10.191157083924873,-0.5994563071065002,2.8192938394034255,2.732126599347694,1
6.330642018545652,2.6170822798130966,10.837723993919878,4.361627698374643,3.1095468479870143,1
3.632256698687863,6.182397763383747,5.32557641086597,9.25345869714386,5.123270665218525,1
2.7555519863722826,3.044166759466335,2.7728776111058973,-3.253687367862222,5.5389944124908075,1
2.8074092506936323,-0.4250918940124304,12.561217979540785,5.4666189639352245,5.479469705365301,0
3.744664516507237,5.8992008506784845,8.407791129925926,4.22675825415635,1.3528122033815255,1
3.261453298014814,-1.8490508847786984,4.935539498689258,-0.1279602644928266,10.28755047352577,1
7.075845412176947,3.789836489512954,2.4398137003613347,3.0212858753335117,7.341899650182991,1
2.6606882738590176,-1.843051707960952,12.68714298424646,5.144258087587747,6.751712279415779,0
1.5207261080496206,7.183895958130525,0.8360284411207095,3.2082176782582383,5.002222304272952,1
6.190082465061266,0.6738254580671308,4.4227434714050275,1.0618089368038,8.459215892968444,1
5.584385789947041,7.197173999353366,4.699785545396713,9.856716001226939,4.732182606931522,1
5.280339226794321,1.9171014949184242,6.784919972489135,3.3286875912144156,6.330949420950944,0
7.038433577222033,-7.72155424117379,11.662976834633174,0.5229482389335836,11.89523675182395,0
3.4461382123710735,7.919344489664965,6.570771703840732,2.7525655671662506,-0.006306665831747438,0
3.4843966108709097,8.060946588391378,3.3480783536758905,-0.09715858364051044,1.0671508763756012,0
0.6541998255930084,6.5988607099062975,8.461905469799351,5.73102011089581,1.1454791186562998,1
3.9358540041551753,7.019478564270704,7.448267089713695,3.221778806888067,0.4870136223058168,0
3.7917742444539306,6.8169825140399976,5.0531038346358255,8.227158275083331,4.269629153798564,1
5.269295061084625,1.3991124207354884,7.179040407634291,3.287583908144383,6.577335822829518,0
7.442211607111609,5.836648302292403,8.082810450715566,6.62049444720818,2.5437305014045024,1
3.3655846130397693,9.627356922171982,3.963132614702429,1.5571482059757469,-0.38810565092123284,0
6.080306467681031,3.4739291483923873,7.541038531191116,2.155100932659653,3.7283688802141324,0
5.478039663769226,7.697164462404578,0.49660197320330113,3.6671282982657827,4.87816020046182,1
4.169670412099178,7.636303415077451,0.5640377311576925,1.18642997562557,3.9664853158200994,0
7.447978404691229,5.294175561847932,1.6781386769344007,3.8466151063283838,6.618546598520997,1
4.131718095382909,1.5321136553709325,3.2031794990689013,-0.7435339388455375,7.752564409773667,1
0.6762526614561724,3.073985469799933,2.831631145751729,3.814795509733211,8.108764359041373,1
3.2012504674364264,5.998620664451768,1.0056072190271523,-0.2961235456790572,4.810656255756097,1
4.251698254351296,5.113606094699059,7.368388298330082,3.9337061400806785,2.801966893440459,0
3.8220433035008847,4.084289139952594,1.9357182304153464,1.1367312503365499,6.687275346614133,1
5.22204632140864,8.858386105762087,-0.06209099170531296,6.914923709026868,5.27507656737185,1
7.4940285560343245,-3.37132035376065,9.838660184658078,1.646880614383294,9.062920645196334,0
6.032512020342759,0.023615583585925748,9.861904309605471,5.372788319594045,6.89084986453138,0
6.43291243497646,-4.828092702698314,6.231348564082474,2.887757673303134,13.60932171746616,1
6.135581086508255,0.5879598902127334,9.56646393928052,4.619049675359199,6.228825482880081,0
8.211815790256253,7.170161155085951,0.7785535315930794,-0.8766721645826063,3.5301824896468004,1
6.354679448565651,7.805961049600766,0.7090992712815449,2.079600465371729,4.020135071449977,1
7.389359666987924,4.350350993352887,7.774346998222762,1.6811449094917204,2.469538618342822,0
-0.18251821187941086,8.890742855975152,4.010901073545826,12.153078742930429,4.3093465158059825,1
7.128073924215893,3.9268432177793082,9.910375981074308,3.972986851763631,2.2532838371714443,1
7.7396293876711235,6.485389887526335,1.1691809053094437,2.322720040004398,5.164871361790232,1
11.566854289305514,-1.720654151086169,7.530893928353504,0.6375153984113631,8.597826415811967,0
5.729069708154456,3.172071845247437,2.61127486836827,0.026858000435044715,6.746445505565017,1
6.298777490333309,6.781841209516852,7.790609387152054,5.245859810174546,1.2491976342052946,1
9.961558365453758,-3.0609928817202317,5.569432028569579,5.964117875110904,13.382101399262327,1
0.654194365305802,7.62868561579605,5.856514826502342,1.5219994165987782,0.3442895710143121,0
2.6577884820238036,3.00439551894705,2.428945170925166,1.849645479886806,7.7325615968276695,1
5.19159814028408,10.322434586422553,5.336206986021442,2.4723594029942815,-1.7468244714417844,0
5.693735606087161,8.353959480664901,4.954853937245279,11.26811525341578,3.8697226716378794,1
7.9662995309823295,3.3397644784146108,7.758299866293231,4.655014595078562,4.649052787410248,0
3.578578772620341,7.922519828023162,3.364125769967568,12.71789963923734,5.991504318131301,1
5.83717488859203,2.3028973737580243,5.157684525714388,1.2187516005434142,6.29358311599757,0
1.8143118454563343,8.49915637139468,3.3704860961074723,5.597900983338134,2.7223731420599573,0
4.727280176787719,-3.861580217302633,8.657242602951401,0.6130371176145557,10.02719989846545,0
7.191520761379191,-7.179737790476581,11.44118529249696,0.37351745607999387,11.430424483291928,0
-2.252032885964984,-0.7817604943076795,7.392056054226135,1.4386956488600822,8.014501560207922,0
5.454833729255875,3.4264672982540407,7.083257553104931,4.903382263185619,5.130301189305861,0
5.381089735090495,2.2265406866974025,9.659204010514893,3.4256579524450586,4.004130839481191,0
4.1544434679779805,6.463786439352757,9.262605467814726,4.775431525509585,0.36122009843425573,1
13.38150365426631,7.238743525399025,0.6147938441503218,5.588339577623821,5.991718931841157,1
3.1445137701729293,7.947262478738914,6.565173465000139,9.973162929461104,2.66798458444002,1
6.534537192820857,-2.1088622518377473,10.16559353261417,3.1022130293915837,8.055435209847914,0
9.60273033331146,3.7112137765707107,2.3815305178515835,-2.1241848438605455,5.541747473922085,1
3.3612217215626234,5.007224228264851,1.7281935009422202,5.29847471198771,7.425755859332474,1
1.4039077464886294,4.925357693618743,1.493346535165811,5.345604789423449,7.695597381134025,1
7.232881843996315,7.5134547041658415,7.099837994819296,8.565916503282363,2.2159011612403985,1
3.186171344925852,2.2711082901662047,7.343398839954022,3.1423717804407296,5.4949642206977565,0
1.1325090155846955,4.118546476232888,9.09312399337674,2.5016850035628737,2.0827773484411933,0
4.9273630478139845,1.7228278846522995,3.282369876763942,3.4471747447646366,9.063768877927265,1
3.293570395510754,-3.5770436383505793,7.516979748234088,0.7916044720805848,10.605694352299292,0
4.849569490605085,4.79520493161528,8.546013841331014,3.3422299947033745,2.077985731289562,0
5.591812811298748,3.8636826772087742,2.213528074499276,-0.017964882573111574,6.289030127864054,1
5.139440305324597,9.50940829858818,2.2638564110612105,5.343734187709186,2.3566665023304214,0
2.9268740005973313,6.898025195030218,5.4234156913077465,9.549562638618074,4.4165365507597745,1
2.7096300228099897,-4.360626462186589,6.29076237460807,2.9926990969043863,13.117776479745366,1
2.461089499569305,7.974501505175677,6.615469546505764,7.366680193162292,1.6293599853751783,1
11.231859012801873,0.13352869965302894,5.949262542500936,1.1994359429062458,7.992174129711574,0
4.5325017888970525,6.914150963201918,6.428802875812407,8.988009389280567,3.4763016858611406,1
5.531003804084405,6.129360391620694,9.384789676391097,7.156179211262937,1.514143220456552,1
10.59976239782825,8.082829439521392,5.304158834825991,10.395059869193389,3.578847716459042,1
9.034461184149242,-0.8695688149579084,12.127740998779718,4.734235387869293,5.977849627007025,0
7.371982686591837,1.7979622437590415,3.2127838073336945,1.1310168795671833,8.168692980456308,1
7.259930054641313,4.080028751623676,7.7072365114569745,2.3134270298514545,3.0361004083812664,0
9.04248095308231,8.354878974939616,3.4339326335718305,0.6884852190776671,0.9927170164752752,0
4.304544454712418,1.1520838732758358,4.4108008235753475,0.08379343006179951,7.602150308178461,0
7.332957069327367,9.924197759044974,4.791947316678724,10.895542691392976,2.2047455654001116,1
6.195831336251268,6.191945474770474,8.134623248203393,8.888821910043621,2.9836291811095936,1
3.6016880452484026,1.7160256245538328,9.286418283521627,2.888836199849581,4.601582552075724,0
4.485557053317825,7.678657505356828,6.319955208034649,9.547303887590822,2.963541397861454,1
4.974906331965715,7.592181933065536,0.5357657323805496,-2.000000798455308,2.841383132814432,1
5.723265869895695,2.7430743455337203,4.067623004466607,1.372242225034328,6.6643960801797775,0
5.848700832628205,6.7535285926306905,1.2418017128898864,1.0677494351615002,4.363882758588745,0
4.426598463065491,2.7884144890547287,2.9767460946180515,0.8603526315743277,7.199730111668601,1
5.56365872395855,-0.9199297552501786,9.575651733633201,3.6719847921621493,7.444352837996814,0
0.5188772921820393,-0.7370386009104433,11.233081366728396,4.178343896664965,6.26635938699122,0
10.412257962979776,5.246430813098346,1.8653827724780099,-0.7504764217298332,4.816907376736878,1
4.0244359301803145,5.855454217524413,8.298374883382486,8.517564802599793,3.0803468309535535,1
3.720410692483818,-2.1631196423034815,7.039239510981602,-0.13300460566542327,9.121129681394837,0
4.725162415557437,6.352458976354123,7.541359960552303,7.083487113525939,2.5618963448217356,1
9.742475784725993,8.504757016347348,6.589598753302983,7.930995496209631,1.304445537396941,1
9.074891660370977,1.8704994003208886,6.483693623249875,3.5739276561651714,6.685100202412123,0
5.385562925967712,7.429813767307368,9.29857470189862,3.966938814492914,-0.9763056558835324,0
6.022609460440092,2.889264370087807,2.494948080519151,1.5632310463907553,7.698986370592033,1
7.01327798144069,0.1125845473987166,4.280249458113056,-0.31094089621187493,8.63374957819112,1
9.862397055829685,5.087651761957585,10.083811200086677,4.65427251522047,1.1715858199028872,1
2.8257289688443246,5.8905095693463885,1.6233527245473347,2.179331867889899,5.41077466763313,1
2.464724914514206,10.03356196343657,-0.2366449278796514,2.2053641966817192,2.4098721877723484,1
7.923122631658366,-1.3657336799895337,8.640961017242354,2.5370622867979433,8.149294356314154,0
5.99960082344883,5.7937789234984685,7.335845461846606,2.5415081780235695,1.5936222898216288,0
2.1757690104504723,-2.0061956733849513,12.409303547732684,6.48843854671509,7.621933449897252,0
8.568618447829905,3.317172115932794,2.9048209141377135,-1.2064953819585797,5.925372758216412,1
7.5265937410277814,7.788396684873904,5.443311548711598,0.5880688466652035,0.12140648483407368,0
6.218260234770728,-2.9137375812691566,13.614526780186214,5.991945609887336,7.529676957345154,0
5.325734266507149,5.179178509368638,9.57092562823744,3.5945643815614936,1.0436848203738274,0
6.5581813138612315,4.876641214480165,7.68435550361869,3.3267511297021786,2.598522332894343,0
1.481582035338675,6.334144550797229,6.140891383590483,1.9333499249392014,1.6493956970941053,0
8.485686389975958,-1.2453214266392472,6.977609958876747,1.271189384482574,8.73051002355775,0
7.133239686546853,0.7805543412285489,3.6421699383937463,0.6408477329380133,8.744182536683407,1
-0.11141475654337185,1.715026122767163,7.826979765868797,3.6619171927851104,5.9272897760735574,0
-0.40249699910543413,6.7691663049841155,7.5712236400806585,7.564261285505115,2.284885122262439,1
6.5150975150017665,5.141597958253553,9.937598775543954,4.565623302929462,1.1858105602068143,0
4.434257867978576,1.100904706604914,7.879925480788463,3.7077051297196024,6.548745926405321,0
6.442510492529452,-0.6491769072345344,5.607710500041264,-0.12233587556128445,8.558506228558667,0
4.806382028856149,-1.4207844363004538,6.596121765051151,0.3552432628759048,8.842185006797987,0
4.85376304343157,4.591600149825691,7.566692408497427,5.815490478930821,3.910398747822019,1
4.934417906853107,7.7139728835835655,7.280532959498374,2.2137192439528786,-0.4967525081089841,0
5.869529775395778,-0.42269989429230304,4.590875481911869,3.038042545752253,10.224884120057975,1
4.345646820221231,-0.0009758646217914446,5.91504578465509,-0.01610891097808409,7.702600527665144,1
1.535799175666166,14.456803531007278,-2.758614785064637,10.076041929495199,2.518654382405856,1
5.930059237483948,3.3576655487166236,8.364353618772395,3.172060844072544,3.6458590618979905,0
6.323585477600222,8.636619169837635,4.357989114719049,5.43391743878132,1.8166377219319485,0
5.64366298117842,2.6082806960470255,9.361553266755834,4.851910026715668,4.3495551880161285,0
3.934785606488678,5.112721560605603,1.5327967585126134,5.637152758368713,7.580759779002705,1
9.011693436073989,-3.1690466914647644,10.029026743504284,2.6161526365661856,9.078780913208195,0
7.82515794114731,1.033665731724498,3.8608361928267367,2.5939947236689758,9.054655442298417,1
3.0524608930573693,-0.4035196199084865,12.681985993058294,4.339548411265738,4.949854954843479,0
1.7562657300640039,-3.3509440762284175,10.490405850412445,3.401998050594338,9.235304690825055,0
4.71337265454752,8.23143319367946,3.1187776730618584,12.738327332954777,5.850352919309033,1
2.659751705398114,3.4625014551948685,8.554876327263093,2.5556272860765974,3.17062158803975,0
4.664593775516591,2.00804379923197,3.2093955662804072,2.9882193313622016,8.64584571288063,1
7.208555958152856,-0.3493455136439092,4.090175637426321,2.2073784735353916,10.19296122606308,1
7.4710825949300865,7.098414114824749,5.650043843967154,7.656923939896091,3.3386782640097343,1
4.251863343065218,3.086370240956688,8.244662413511888,6.005508830378211,5.073680056025679,0
4.49900507202176,4.589139528245065,2.0368722111720503,5.844500146093843,7.847852782705674,1
6.705969456510166,6.41792839201331,6.5833437266425605,9.670739666239403,4.140558975654999,1
3.758576373128279,-3.927742310532894,9.7620896446976,2.400866417479338,9.980740674235632,0
6.386256579098372,4.027665093734267,1.9424246448789346,3.454350000212814,7.608169823176474,1
3.091126584270063,5.036872595356438,1.746970621467737,2.7589848927445426,6.43202523155907,1
5.502093227646252,9.277700911316055,2.662080796111887,11.89421262802812,4.765241079476516,1
3.527601108486099,10.004750837580549,4.48656604339644,10.514142432164416,2.194659731333916,1
5.824910146790832,2.5989539692915002,2.5033892661612107,0.3767885520186516,7.552877993235273,1
9.036352104806447,7.638804369650648,8.06027818918086,1.7396412406935982,-1.1487400390416171,0
3.3874192095593503,6.165107212983031,8.320023087668973,6.515566399606614,1.9928518109978643,1
4.133075829895103,6.795411922487025,10.216006188160517,3.982900899191311,-0.9582531601850199,1
3.7942807882424217,1.4762132665285739,10.602039776738222,3.524180409921943,4.156193123471297,0
6.3847273245152145,5.428730874651781,3.1536178881993138,2.5652976546836,4.95184801003484,0
9.047290894452185,6.989744861688848,6.027829238252253,9.648859642405895,3.92888991484769,1
4.768313486347381,6.331429673874623,6.536812088922938,8.740759235463774,3.916307599873946,1
1.5025076824131456,1.9335735367498508,7.588249525430312,2.406337124652298,5.398847475351616,0
1.4706574282620282,6.308147418370115,7.64781316488042,6.688468279909241,2.3849900859671203,1
1.1152602165942413,4.502792543230723,8.05943550332961,3.493138423477806,2.785330491158012,0
8.860994005845658,8.09496566742364,4.140691400537849,1.154350933631183,0.9370340185630148,0
4.778600081646901,6.748852875605319,0.657880037847395,6.826349949429567,6.9360451358641635,1
8.161308898440144,1.5961320991613164,3.149164645792945,4.067225845192048,9.522534521649145,1
5.359064478109886,-2.6830189172803234,11.175407155619581,3.218805916883988,7.982582885454124,0
2.296779478304458,-2.377806548130545,12.710422738434408,4.080616471092994,6.896489633315719,0
3.3680840967233916,-7.013791275744939,9.898661675608908,-1.1406418313813376,11.785480165563687,0
7.292592694471571,7.639506722401048,7.474420018374159,9.015892733285769,1.9865656260447655,1
6.798983299923485,1.673269870313217,6.407183365303731,1.6241008230038356,6.21658235215762,0
4.49366009138868,1.6467763523808925,3.4798742269517513,-3.641728359517792,6.352845222349047,1
3.075887830449196,7.544919262334446,6.450557536010736,2.1783682300799145,0.25569596900474956,0
9.125287520042255,6.664038333301914,5.563977890426833,1.3960527487608587,1.5130863516163418,0
-0.26243024314610786,2.251525581882073,3.408837146891922,2.131631286841044,7.929575638131713,1
7.4478214782582235,7.991562840445866,4.9397808616064784,10.287295258713744,3.8925225310062355,1
5.818859910758647,1.6388972583893189,3.3608551950087966,3.133160390772124,8.978405162311429,1
5.657404178770912,6.896163795106249,5.593003343353321,8.844224182515962,4.034441890973353,1
5.391509577462405,-1.6519781290141715,9.852071341781702,3.1080391330347177,7.802536066725139,0
3.7091508000197693,4.407763771370892,10.159994319409043,7.004748209949264,2.7069276391877617,1
8.857742098879264,6.617722349071191,7.26437482052008,7.481726490034296,2.630069129879465,1
9.716258511591148,5.096160013134125,9.060013749401875,3.40608464836709,1.4225445642615138,0
6.58833907493682,5.884908162739527,8.265216597910824,6.291720295509632,2.240933255996457,1
-0.10014423161582897,4.3978663731912215,7.981197711039895,2.5230585555905836,2.5878478693491154,0
8.965922178386187,-1.5270731195453537,8.603571891746624,2.808633349339085,8.445995662604142,0
4.092945503192024,0.9988845716950951,3.5898205719648146,-0.11688073058207848,8.269836120946703,1
9.431449731076604,7.953357116359044,3.933614475901566,11.097587302224468,4.949383083449586,1
5.493923939343524,1.7818332142986208,10.488138617272467,4.100315441876924,4.132964916278871,0
8.912056218376982,4.524970007984479,6.357263817754836,1.040310546659252,3.0530172768607096,0
5.570738235408589,5.169034948115324,6.341221924264649,5.938771280208472,4.222537109176152,0
2.028169382099634,5.452395887183227,8.403145884485019,6.297734930501351,2.5973877196397317,1
6.486168288161007,6.469345780759502,6.2887749683503795,9.363481224314395,4.180973172314103,1
3.0920281750458214,3.591278228290342,9.719765730760763,3.96326101298465,2.7356558249641174,0
6.664678441658234,5.331579161680526,7.353978625223423,2.004278452637532,1.863018610703631,0
0.8569959672892802,-0.1235654934310162,3.9598923128421615,1.2336928310780264,9.68539297523536,1
2.128756542185282,6.728327149293264,7.345243999758022,8.230337310087661,2.7369502663494227,1
4.861822311305461,6.206842303177626,6.922863565820089,7.463775092838041,3.295170200221597,1
4.237262911802821,8.012487029240718,6.99259023757199,8.752820494796225,1.8402695050988354,1
2.420721215556245,1.4606700061481326,3.0336458789161416,1.6405620161551688,8.838864627129247,1
5.456819392574156,3.3465165690028256,6.654944871139798,1.4025447798152402,4.20897939572581,1
5.820907733317948,7.6162535318063185,5.151910995559544,12.18637881620796,4.844276469785723,1
0.25946196882710293,1.6101352776450284,8.52144436313575,2.581353845597556,5.140144518425554,0
6.248802106595923,7.883264262257292,0.51656302146207,1.8003810763939225,3.9715712141622515,1
7.870003306425544,3.8652123051501786,11.820610878028745,3.789911387430232,0.893729646741706,1
7.4402594100801425,4.261498667042286,5.964014170045756,5.062755172021017,5.111300616269521,0
2.1208984333711616,5.848350655109034,8.244685836042898,5.039739993722211,1.8256471798494518,1
5.668490484418161,-7.925927675719018,12.57976973858151,1.061980967124121,11.659812025071083,0
7.34195335364185,5.387740925712917,1.6864194323205561,-0.09536156870759704,5.041120097608911,1
2.7785570066489353,-0.9689758843919805,6.33629396987461,0.16089942629583476,8.481653071924285,0
6.6617748323756985,-2.1733863396332334,9.880042245858586,3.8164095024122755,8.592520188082453,0
1.7978874299559688,4.182612262804924,9.40094021733318,3.9122298238606987,2.324729842268123,0
6.790319034858342,5.400902971415225,6.11467069108718,0.9559853174134272,2.2780721002924835,0
3.62763226678064,5.887116430036938,10.405414564079912,5.003739618919164,0.23838538309555712,1
4.554174583737406,4.922410332786634,8.761385645968234,7.912445608499553,3.5008192714561344,1
8.54033413140802,1.1278027468115424,10.672401635506965,4.20829280970674,4.726201538753634,0
2.8576529110685986,4.223145792789115,9.307161123581118,8.381415565798479,4.019763533551356,1
2.377224538105952,1.2873784348900106,11.724949019740707,5.454818105905759,4.278530569707226,0
6.1375901027788915,1.334417352697959,10.620285166599265,4.632991162635078,4.705998873738343,0
1.807453497803361,-1.5793904501507168,8.127559317033604,1.8399533274992952,8.47631359262516,0
5.5717278271236585,2.934654342144079,9.340113432381386,3.5822680060721215,3.5489583174846864,0
7.063774763876117,3.258122224891198,7.555275950259315,1.2221190370233397,3.5950318846007248,0
5.972648552370038,1.9783156833039337,3.5352640325843314,-0.21218385336696777,7.249172214898968,1
4.059530969906105,4.70358744862685,5.02252991124327,3.6633802634151675,4.794126909918796,0
7.786245548730186,4.090036053302934,9.95880542567416,6.421915813142379,2.9638998154138196,1
3.427361359365818,4.352591656194253,6.974486948259764,2.8933012090586256,3.4879662536868263,0
7.9517267623831795,4.14754801433065,2.097969932331496,4.115161101222831,7.619536942136493,1
6.828891351816225,4.390227713861359,8.14534047592711,7.140537332149011,4.205649503033266,1
10.98325552324707,4.535335664233363,12.223230869657042,2.4264609804158854,-0.6021607142303704,1
8.916431719345956,3.872368436526208,12.519972053854023,1.1438731902563957,-0.5992771235840237,1
7.0289098721149355,-4.88614285232738,6.399720800243525,0.0402614757083164,12.485951409206445,1
3.9943869986213363,7.100022686864685,6.632416845690681,8.673360462345869,3.019897501885669,1
5.780478817241663,0.36119889472059263,4.024360480946948,-2.454116015946795,7.754218780049345,1
4.241821804085098,-3.434555652838533,6.511345573959731,-2.221557034211065,10.0438673736336,0
3.217874743601343,0.6309450114726802,6.772887886315089,2.273463637638007,7.28933221696599,0
1.081920376141202,2.432512091124599,9.324737984616926,4.438087568664209,4.404689416927784,0
4.87626621773971,5.874278479497259,1.4733839750303162,1.2816667202574488,5.198558056051905,1
5.058364307968067,6.925201289262575,6.075082661650213,2.012003375614917,1.1076993923217735,0
7.278480140726154,4.390633775285239,9.809253240417853,8.136258604499378,3.3967510451094713,0
8.315480903519362,2.446749973784258,7.915532581313514,5.313978667165127,5.717260385462433,0
7.175096410254017,5.024174497449219,4.448477182697672,3.476525889221051,4.796532268157849,0
0.2911429442055171,8.25720635881134,9.134898154381705,6.350243909189092,-0.8339636424748695,1
8.611332600936858,6.715125192884143,1.0157308177723001,9.269309690974463,7.63069048494546,1
4.112708383255697,-0.26915823785691995,8.389150941189516,4.286981285694036,7.836016081075333,0
2.3047036644907646,2.126117527256137,8.584942970575337,2.725494159183679,4.609644355526627,0
3.00143917429258,6.466070857905482,5.073272674370705,1.5301180281265392,2.1183443011669283,0
7.063340484676958,7.4849825478971965,7.887079343920058,2.8364361981245985,-0.4550050136475505,0
6.9087851743018796,4.61485927492064,9.461283021432424,6.396263682567076,2.7587881020360285,1
5.8257925626442715,5.97642320774755,0.7932901450345806,5.20610225048161,7.041588936188776,1
7.026190661122396,5.031553673330454,1.7799771170426193,8.18125587515444,8.441338698820422,1
6.772466179869417,11.588122563003257,-1.0333622084226857,9.127174740167032,3.9381283818495634,1
5.377815789275364,6.449859446830056,5.477077707708501,1.7253347949261109,1.9217275685169137,0
4.963746598061111,-0.6036015992495027,10.190919279208305,4.575545624080094,7.014915500832358,0
9.129135823071312,2.010948004755248,7.643203664292879,4.241870946481349,5.96521033871139,0
5.778840128654016,0.15359727224047415,9.027320029681817,2.652641615419987,6.330262513920846,0
6.521524353314008,2.392449321559202,5.869970640277117,2.1154604852939674,6.029775640892022,0
4.662206941480536,8.269699029854387,4.664787873182892,0.9363116814673305,0.3009719760254468,0
2.7470391762018562,4.979452165810421,9.720057397816651,3.4425017873952957,1.0897720366525423,0
7.554084168101616,-2.7789927869302815,12.001634998367965,4.713229367713177,8.055303351955057,0
3.9773176346945256,5.6597406740216725,7.740187229777083,2.0803871806724277,1.274403779578035,0
5.486031362410609,4.181146808091382,9.770345977956179,4.45883010745028,2.2684787325424196,0
4.921985288827528,10.006124570428472,-0.5179972172668119,-3.1594703704168463,0.6325000034067321,1
6.748314701134511,3.8134407213460024,2.4048524924289394,4.6742564137210305,7.960017587291728,1
5.70218820104785,1.2194498085176781,3.9497542803915615,-1.234848655775136,7.365912337018425,1
5.701166266379341,3.02029541791463,2.589072103890114,6.832403893702458,9.465173118951245,1
5.259893342519033,-0.616011561156796,4.045282721707658,-2.3143281065593406,8.813060039982766,0
7.5285052894258,6.666475702170022,9.106080998073539,6.386168602253336,0.862623384904194,1
6.5254631948015245,-4.253318671687186,11.027021678478459,3.4551289966458665,9.817583034797357,0
3.868104064496462,8.178608469518348,5.34244346250112,9.609619048200841,3.15792192903539,1
4.352571344026138,8.00342769320556,0.19320536767208196,5.210916208300407,5.350495867578638,1
4.314530774400642,5.049867573412663,1.7969269160271537,1.7901896361116072,6.020797810786226,1
6.372635596250545,3.4940843014831398,10.481739391204679,3.801887707590006,2.236209346521874,1
6.824816707563328,5.000262796900012,1.8811140010629277,1.4862813291939814,5.899287293723825,1
5.030908301726729,4.123396243174525,2.0508530147346598,-2.4945306966777183,5.207110237803894,1
7.27184472939443,-1.862633997278702,5.10485154292112,-3.614837646450699,8.877994508646658,1
4.07469935227564,7.080256620970106,7.480324007901649,6.778838167572141,1.730583312617795,1
6.994157480371567,7.229578000952156,6.418897811969805,1.9845455204530755,0.5353090333274038,0
5.161049463694161,-0.5722364460580138,4.292790769411719,4.415753714890205,11.107784328058823,1
1.5219832365446013,4.625439830390531,2.1013248942643226,-0.6554918977088544,5.334079841888546,1
7.373454690162793,1.2831376938309673,5.603173514948825,2.034827394145322,7.348458112911466,0
3.482627719856298,1.6753880908347725,5.3127486437598614,1.402338183676155,6.90808581779053,0
2.2310166169397734,1.581604457814349,3.3762556133254886,0.562023356199532,8.06611406106651,1
1.0106818288430661,4.126600763225541,2.3350190582936516,7.395306510754753,8.699537178366146,1
3.516639371207736,5.632431326848223,8.444831377513271,4.711103718937078,1.7864459816984612,1
5.809019261265514,-0.8361293077183598,7.723478624900988,1.9138298514778112,8.013782562822247,0
6.6361893293653305,6.114871169262634,8.487118172287246,6.170970858057882,1.7979570962918312,1
3.912588010009163,1.8685820276578315,9.94142544717966,3.4746807963160777,4.19634572465472,0
3.389498598161035,2.3274544435871243,10.152869014743215,3.3075428775209,3.5041808932431424,0
4.047654264331451,5.06623932657182,7.21212072132191,1.5246737526540626,2.06172321176048,0
5.5523933882243,1.8506434400486804,6.168620500275743,3.302092044748783,6.8278060788357555,0
6.224911690936046,7.234222323624747,6.668611897399474,7.896957025488151,2.56367419136447,1
3.7962165333917066,-2.656365089394174,10.021244131408755,3.3073359880982194,8.806830943983094,0
5.757644722530011,6.674023300674549,6.4168432237513695,10.391149862991558,4.260360765964696,1
3.6357812231456097,12.78965626852457,-2.0447900731425417,4.532376360633058,1.6821354968702273,1
2.951310560351566,3.643630707159242,2.497378379497321,-0.7853982113430877,6.030701398473468,1
4.897337260049486,-0.7595301841016147,5.536693941032851,0.3535889088185513,8.902176758851095,0
5.405529945120318,-2.8424010159644775,7.204077625703591,0.3525083042438304,9.895689749014092,0
7.056998973817677,8.037787165180339,0.6165177378880413,4.224509472564986,4.6454144108901465,1
4.463259625846261,4.43876003977951,8.148381335265857,2.199305370389874,2.3054293745319985,0
2.8904456495600344,6.129282152382043,5.721131085666813,1.744045463636843,2.090621717299057,0
4.477614140341732,11.231839625239912,3.9051763961707584,1.605641805286301,-2.005930680283752,0
2.6929022994708305,5.987555702270627,6.504245444168717,9.48226746049814,4.576071743677011,1
-0.7151955557741916,3.2545936789957937,4.591220086908956,1.118706278617878,5.663392910111389,0
3.3934548540510523,2.202736938499888,2.975771935299706,-0.41443503455777986,7.336005931826303,1
5.993005333622655,6.7912517913778,5.235886646398304,9.89320525546586,4.789688945159085,1
3.5890751043986224,1.2497212351079705,7.965094905074791,4.215681764880382,6.52267109799037,0
5.759003090157463,1.5480002405809574,11.51059119171385,4.779225591966868,3.9056498564610105,0
7.7399367407510855,4.505914439139728,10.069993696666117,5.36006817015093,2.053319834422579,1
9.844799591458415,4.736293525405092,8.900954638248141,5.697051939099117,2.7680679802338157,1
12.154460381924677,-1.6243203726841928,4.787453270529547,4.243644480400807,11.792108101204738,1
1.367247628151076,9.335794501614805,5.862992501673284,8.335907258852787,1.1027962558484994,1
3.5861947010183313,7.367023126486112,6.8705820946783245,9.965182532485276,3.054772552727631,1
6.201316118003562,3.186657461867873,5.654929173763524,2.891326403537634,5.64229402550446,0
3.3096425386203223,3.9167614748723034,9.023708062523374,3.2166364356089696,2.610243571700492,0
4.043018511246604,9.084851016128718,4.894339311215403,1.1132349611256211,-0.6478116861495717,0
2.588159822220098,3.850233739376007,2.571422069276014,2.122118900542505,6.849214991382883,1
4.47451948530833,5.447938824631865,5.484613164822825,4.662924500946602,4.0618855357686785,0
5.5376522302204805,7.377573364771877,7.304817402020244,9.364704299690596,2.5111101923479993,1
7.925304194949155,0.19247300015190305,9.867425725532684,4.061257872123983,6.2201039044953905,0
1.8420843213252653,1.2849483184625683,11.053086945744356,6.928370600110548,5.308737047339224,0
4.443524464358947,2.509677103750812,8.714460613562764,3.300823717154731,4.331915484958773,0
5.314613578987457,-2.7182400537620977,9.3273100488044,1.561365300910892,8.711180388142317,1
4.180204305075703,3.407608821446549,2.5325950173275364,2.8994778077562904,7.630043951839606,1
2.4196265146451026,3.8456269889808428,2.500012627052973,3.768783501674578,7.520327009637239,1
2.164012676111067,8.57982980363132,5.82912052271177,8.325672270253811,1.9131759744645627,1
9.09116028548037,-2.587297797009543,8.00477189857862,1.0133380012332118,9.307918554419068,0
10.746210980714348,6.224774006467046,7.395584726667968,2.2200913695618008,0.9805687670160212,0
6.867762061691007,6.853174965585938,6.999693948888831,2.2320465694805556,0.6091334038502403,0
5.110608884232834,-2.2870592016130047,9.601743313337636,2.8511435183450473,8.547945884669812,0
6.840365755146487,1.6767107140233533,4.7951619855053185,1.2304300550948688,7.209720215408311,0
2.6859469103867943,9.757910951027352,7.292443690099384,2.7348692733677096,-2.44678786370293,0
7.186815656665093,7.7600380525708825,5.37579394472913,10.278526006349827,3.821843856896976,1
4.073251599325458,-0.7525527072832254,12.410742470582631,5.828015196260473,6.063638733859587,0
1.8836694872277433,3.919645530779195,2.300014732379785,0.0453681163664621,6.192840715878496,0
4.258376750310195,6.369197223607912,8.546434217791564,6.556678044840822,1.6342328399230208,1
8.129863419150997,10.477124273584154,2.920741434417884,13.281886144625132,3.846794773455163,1
5.088293786793914,7.419026797071773,7.313657839218761,7.564458343137792,1.7884660195989763,1
7.458391746674607,-7.365413285124539,10.420656694861655,-0.46325082515090177,12.035847410768444,0
1.5211596728671402,7.382151947369504,0.5409898767661367,2.04291406698712,4.568697572446414,1
4.569180566955598,5.3177779263578175,1.6203406553965887,0.7370117026552343,5.472331069596344,1
4.327550002834596,5.232024031980926,1.8883727843148108,4.102606492625349,6.630030510366072,1
8.546227919895605,3.2452952402502984,9.505528693301969,5.570430886738981,3.8501773668242447,1
5.851273914247738,10.125177068497498,2.626921096011202,0.550674714505968,-0.3365380056052425,0
8.132227562394306,-0.8230548469798471,4.050044892027906,4.719485180222775,11.655760786345308,1
5.267485015956462,8.2039228030526,6.999864264622651,9.111263877490249,1.7690180117755903,1
2.936395214813903,8.333231776599636,5.854894883704814,8.676363087287031,2.283751713208889,1
4.867482607759151,-2.30298069333688,8.432000678359552,1.942668739199593,9.05500994607669,0
5.180903922818896,12.10232095607637,1.6170261528359706,0.05786534091906148,-1.8707494448563189,0
3.8002028203387233,10.23677711012533,-0.9786899885135796,5.651300168938819,4.012328587025732,1
3.7420286393089888,0.13927471520366197,10.318415880262602,3.5687587110315535,5.771554219625886,0
1.942756873163296,-3.7142235708642435,6.04141850952055,-1.4148771805346128,10.97124240725314,1
5.06500723676786,1.8644480599846442,10.665718257163409,5.713743662109994,4.523796919701576,0
3.320845341262259,-3.7939133470813893,11.316120664570677,3.367331176830277,9.099417998618051,0
6.325562931503974,2.068093225534375,8.169284196062016,3.426158638581798,5.227202427534029,0
8.070172642337646,7.078746251664206,5.2091747425714665,6.106686091082528,3.092509329507754,0
3.220361240366758,5.054481757109968,7.727348280177864,2.7684796690057514,2.1734107608171698,0
4.928064240720745,7.200188654342368,7.3798124706582255,9.235370173439764,2.5949505850619294,1
7.69311358603685,8.664252932287281,6.291319047480604,9.225255298622361,1.833269509149431,1
5.220638657968744,-0.2699072286088855,10.993504352683608,6.532762333468442,6.828323934797012,0
5.663768968737809,5.10237621442689,3.121910654959308,2.5892847298647736,5.324437101946,0
2.114548416371012,4.593651574071846,2.019649589224606,0.13006683153998289,5.718954140366124,1
4.025942562437458,5.89659008847983,6.6506595626711995,2.0184724163861505,1.776833843141525,0
5.807683083701711,1.6994710536857833,3.2227440289586076,3.3411423871422965,9.090852502477187,1
8.379503649319165,-2.4389511423522316,8.725123840442196,1.43751659708224,8.80027178678763,0
4.182745828716335,4.037321534697108,12.078771498912074,3.046529522902155,0.2527170885416279,1
2.6638515968351046,2.8670610033231885,2.780767508555889,4.186511152329756,8.500115151058848,1
8.025361424987334,6.0038598291431935,8.187576026827319,3.399696807929944,1.0904793088349676,0
9.988179019157318,9.699542104986577,2.2154750791732205,11.507560430405388,4.496676032548386,1
5.950547928428744,2.1004913883632446,9.449161087145892,2.9001129260294003,4.088452095400327,0
5.11933662638836,0.32281056033923416,6.86733525524546,2.138452215711011,7.493912300990073,0
9.518210631028882,-0.9810100140880973,10.26719726247338,4.5881915572925225,7.360000592481519,0
6.319750472814235,3.1875424450785346,2.40499634951556,6.353522181473711,9.24194607739746,1
8.45289747376083,0.7746236306900203,3.464234887770508,8.051957792711566,11.647371896744279,1
4.248314328425243,8.83972384594936,7.19176437792305,6.833965372496831,0.11688050966991081,1
1.7449189181092475,6.521924681455548,8.112533064408757,6.423531538785687,1.7327187968296194,1
6.426404823747969,5.653822744823567,8.759832747416793,5.573087399233971,1.862819445916819,1
3.8665662431047685,7.0518555061980415,4.653128194587015,8.441258335150732,4.388000645039286,1
7.470862060213054,4.041197615169294,8.696898739351235,2.1923274206343164,2.329136198097767,0
2.0231157810282694,3.887879735198411,11.191711296215022,4.13058589427214,1.4436772869286618,1
4.558669526964739,3.8893194317505957,2.4002073490067017,4.733631642264769,7.9061999010440625,1
8.45327790176105,4.189140747072806,9.518228945509149,3.6766503062311164,2.1466022677248158,0
4.687003333799454,-0.4887970871834577,6.397399656167717,0.9868908709682289,8.245191982435943,0
7.781333567073105,3.565116735010001,7.411263616270999,2.454336727502353,3.8370179529639046,0
1.4484446012282532,7.4338747135297005,5.882702503457144,8.795725209853092,3.2486945491186714,1
1.5826991918642537,-1.6891453703616088,10.594011998004188,4.994278583379652,8.02008513103624,0
5.490870998001532,7.335675646433469,8.325854879946434,3.3689437488921357,-0.411219701205388,0
-1.0664874452318625,-2.564545375177695,10.511770947184246,4.1713271145996345,8.685784646945223,0
2.283016103737051,6.060927934849637,6.702772851014294,7.836018782164873,3.7430336224305236,1
2.7274121716500908,1.1875572091896496,3.347055503158419,5.359819792812445,10.292420788454372,1
4.463840982480791,4.717917899852942,3.2667559780169912,1.8847976383518628,5.360126673940953,0
3.618672571339729,6.724975635713674,6.522746519454219,2.0672822013223735,1.0199829079832696,0
2.413482587198982,6.252967599409948,7.855382393710766,6.25493136504033,2.133290117813929,1
6.8577141596297375,-0.10683562288491188,9.83380282397821,3.894424910225227,6.494442407045916,0
6.270124981230584,3.886628109621819,2.2926267050261258,4.372050640417262,7.850172662796458,1
3.7716591982990124,9.330927238311666,5.54763104402946,9.773440897425502,1.869106366816803,1
1.9440152209698254,2.750557682990544,4.237604552645764,1.34870899439729,6.527154738148591,0
5.330098788031254,6.023629434175196,7.806139359177138,7.607120022149298,2.913479406787423,1
4.663139307424274,3.32031350026907,11.580945798433767,2.620966562070418,1.1963304607286087,1
6.839188847211422,-3.0791643305451135,5.640062594028015,-4.201134931077471,9.550582891720246,1
-0.5843141664330229,5.940107309728476,6.095822307429931,-0.13610785515946766,1.319554158911708,0
5.845072295764217,2.4732337726854645,3.0917914004990443,3.3093177627043473,8.363106807538866,1
6.699061974590008,3.4951513823459646,5.161154680979499,2.433369900264744,5.499018636964598,0
4.523560064700763,0.3819786551824631,4.00890071155146,1.5767756456570101,9.25046250771857,1
5.112981560691549,8.706202321644767,3.914819334602991,0.23160812026739386,0.11344483459552102,0
8.406165555610338,3.542777384685034,7.812269007179665,1.6643322986176385,3.280457300203148,0
4.74212074962141,4.241469027421072,2.3287104473235365,0.7787654868046019,6.110281344580182,1
10.31685224788708,10.491541557352454,4.47099788181878,1.7541348126752814,-1.5781349898664185,0
1.081317954178581,1.404947335378746,5.508047919770668,0.9454168416526301,6.881351192438219,0
2.29436333124889,2.1149648602549624,5.99023768703288,-0.12645445729563676,5.396307811291482,0
2.411176560159451,2.5481835300275506,2.743769274600857,-0.6344354449537697,7.057311471930327,1
7.478549363082039,4.1913087245399385,6.8684649523180035,1.4793682712917295,3.2031670855623835,0
1.4881172179786057,1.8329707573504868,10.984926013607119,3.963733144843616,3.675923562923887,0
5.1414138106212395,1.1378536418214331,9.173058253434807,5.760363415137663,6.3599092530316765,0
11.964826866542184,4.520190466795727,5.844196929943316,0.44837998554956204,3.2007926412714576,0
3.0948970231668387,4.981496521265095,8.693353198331494,6.307218476908548,2.887204498433261,1
4.006517867345402,6.029988132982259,7.340923426380812,7.493605745682923,3.1945180568863236,1
6.12129759196139,4.705834347354004,6.685441441922183,5.517214899114475,4.304829945083897,0
1.9477036303657158,8.078115278444347,0.4433532425582687,1.7937519966347764,3.81737600164253,1
5.629391277889857,-11.013443683477831,10.934062201063934,-2.999509253823696,14.536414053085402,0
3.2695092372234003,7.042818585841669,5.296171880178906,0.16292912294481532,0.8461892424437361,0
8.820109614347867,0.35118771952636685,7.734377655473833,2.504071523349234,6.985676737989069,0
10.429588702600462,5.787193974210735,7.252637528539763,3.272759314004059,1.9329369784201673,0
4.8240699833276794,-2.806365157616474,10.150011638310765,2.586933287785515,8.602912449833347,0
5.947785062796536,1.5027233693780087,7.60766900091421,4.055195055095707,6.451855881457115,0
4.647435046404365,2.4342043878524255,2.8306289212863986,4.190927547657212,8.918826190550178,1
8.33716433165381,8.416815589107195,4.011498159643497,11.13432183716247,4.42342058181969,1
3.172409107950614,1.331688067543916,6.459981044786936,2.671851551886121,6.927867047200296,0
5.3098932941127055,-1.7681053370548927,13.195977436944334,6.965283074241344,6.993109101857488,0
7.215929833919953,7.140853488230664,7.563662919824344,7.355531069714076,1.8237091487846815,1
3.935373068334708,6.024834973922676,6.80130849664837,1.4134544975915686,1.3096910355898368,0
8.018488783454806,6.206423454356802,9.533826882502709,5.3847837055601016,0.6655786757177715,1
1.5484426802595452,8.960004741133599,-0.10955583831613147,3.7268634010115633,4.010650190541126,1
4.953600067701348,-0.5087623574634588,8.754831142475687,3.1306675009094636,7.394669322992964,0
1.964206737524239,4.614148934023757,10.34790951943063,4.3115839444551485,1.350987736700151,0
4.107669960300567,2.6865870155490508,2.784725016396793,0.188169434079426,7.191122722418303,1
4.874789601445523,-0.8541976128721087,5.424132758215911,-0.5675513732873405,8.736624167505571,0
1.6193911473465188,5.907899526459199,8.665407622460634,5.8775153821451225,1.7780654652035621,1
3.0721661474728985,6.378897011297435,6.211395735639247,3.833060797523902,2.262815282247236,0
8.107584879550968,4.537011889500108,9.305923130802267,6.204310727318879,2.8786396706805375,1
4.51073614943655,4.045383924552342,9.634157405483567,4.418395856130767,2.4919090324280706,1
8.58082272374623,1.6249019897750379,3.5095903442935747,3.341018394091462,8.96519917702583,1
4.65507452628109,6.7563780929951776,7.341539030987404,6.131376656787045,1.925539622914616,1
4.212845443512076,2.0396958602280875,9.440371960298712,4.3186738872457,4.6885799933008,0
4.456155916384629,-3.144676322889799,10.97185089195246,3.1022280887041367,8.565991523265806,0
-0.8249600476249146,4.655012901708544,1.7970017711083552,5.218479853187446,7.715169589667413,1
6.792150439789884,2.0747600598161857,12.766666954168375,2.7615903969300017,1.7094117205475734,1
